ID_REF	VALUE	CONFIDENCE	FORCED CALL	SIGNAL A	SIGNAL B
SNP_A-2131660	BB	0.007097	BB	747.797485	2878.522461
SNP_A-1967418	BB	0.005861	BB	350.133728	780.408081
