ID_REF	VALUE	CONFIDENCE	FORCED CALL	SIGNAL A	SIGNAL B
SNP_A-2131660	AA	0.023327	AA	1961.117310	741.044983
SNP_A-1967418	BB	0.007425	BB	296.329254	827.648499
